<?xml version="1.0" encoding="utf-8"?>
<!DOCTYPE extension>
<extension type="module" version="3.6.0" client="site" method="upgrade">
	<name>mod_kunenalatest</name>
	<version>5.2.2</version>
	<creationDate>2021-04-04</creationDate>
	<author>Kunena Team</author>
	<authorEmail>admin@kunena.org</authorEmail>
	<authorUrl>https://www.kunena.org</authorUrl>
	<copyright>(C) 2008 - 2021 Kunena Team. All rights reserved.</copyright>
	<license>GNU/GPL</license>
	<description>MOD_KUNENALATEST_DESCRIPTION</description>

	<scriptfile>install.script.php</scriptfile>
	<files>
		<filename module="mod_kunenalatest">mod_kunenalatest.php</filename>
		<filename>class.php</filename>
		<filename>index.html</filename>
		<folder>tmpl</folder>
		<folder>language</folder>
	</files>

	<languages folder="language">
		<!-- Transifex alphabetical order -->
		<language tag="af-ZA">af-ZA/af-ZA.mod_kunenalatest.ini</language>
		<language tag="af-ZA">af-ZA/af-ZA.mod_kunenalatest.sys.ini</language>
		<language tag="ar-AA">ar-AA/ar-AA.mod_kunenalatest.ini</language>
		<language tag="ar-AA">ar-AA/ar-AA.mod_kunenalatest.sys.ini</language>
		<language tag="az-ZA">az-AZ/az-AZ.mod_kunenalatest.ini</language>
		<language tag="az-ZA">az-AZ/az-AZ.mod_kunenalatest.sys.ini</language>
		<language tag="bg-BG">bg-BG/bg-BG.mod_kunenalatest.ini</language>
		<language tag="bg-BG">bg-BG/bg-BG.mod_kunenalatest.sys.ini</language>
		<language tag="bs-BA">bs-BA/bs-BA.mod_kunenalatest.ini</language>
		<language tag="bs-BA">bs-BA/bs-BA.mod_kunenalatest.sys.ini</language>
		<language tag="ca-ES">ca-ES/ca-ES.mod_kunenalatest.ini</language>
		<language tag="ca-ES">ca-ES/ca-ES.mod_kunenalatest.sys.ini</language>
		<language tag="ckb-IQ">ckb-IQ/ckb-IQ.mod_kunenalatest.ini</language>
		<language tag="ckb-IQ">ckb-IQ/ckb-IQ.mod_kunenalatest.sys.ini</language>
		<language tag="cs-CZ">cs-CZ/cs-CZ.mod_kunenalatest.ini</language>
		<language tag="cs-CZ">cs-CZ/cs-CZ.mod_kunenalatest.sys.ini</language>
		<language tag="cy-GB">cy-GB/cy-GB.mod_kunenalatest.ini</language>
		<language tag="cy-GB">cy-GB/cy-GB.mod_kunenalatest.sys.ini</language>
		<language tag="da-DK">da-DK/da-DK.mod_kunenalatest.ini</language>
		<language tag="da-DK">da-DK/da-DK.mod_kunenalatest.sys.ini</language>
		<language tag="de-DE">de-DE/de-DE.mod_kunenalatest.ini</language>
		<language tag="de-DE">de-DE/de-DE.mod_kunenalatest.sys.ini</language>
		<language tag="el-GR">el-GR/el-GR.mod_kunenalatest.ini</language>
		<language tag="el-GR">el-GR/el-GR.mod_kunenalatest.sys.ini</language>
		<language tag="en-GB">en-GB/en-GB.mod_kunenalatest.ini</language>
		<language tag="en-GB">en-GB/en-GB.mod_kunenalatest.sys.ini</language>
		<language tag="eo-XX">eo-XX/eo-XX.mod_kunenalatest.ini</language>
		<language tag="eo-XX">eo-XX/eo-XX.mod_kunenalatest.sys.ini</language>
		<language tag="es_GT">es_GT/es_GT.mod_kunenalatest.ini</language>
		<language tag="es_GT">es_GT/es_GT.mod_kunenalatest.sys.ini</language>
		<language tag="es-ES">es-ES/es-ES.mod_kunenalatest.ini</language>
		<language tag="es-ES">es-ES/es-ES.mod_kunenalatest.sys.ini</language>
		<language tag="et-EE">et-EE/et-EE.mod_kunenalatest.ini</language>
		<language tag="et-EE">et-EE/et-EE.mod_kunenalatest.sys.ini</language>
		<language tag="eu-ES">eu-ES/eu-ES.mod_kunenalatest.ini</language>
		<language tag="eu-ES">eu-ES/eu-ES.mod_kunenalatest.sys.ini</language>
		<language tag="fa-IR">fa-IR/fa-IR.mod_kunenalatest.ini</language>
		<language tag="fa-IR">fa-IR/fa-IR.mod_kunenalatest.sys.ini</language>
		<language tag="fi-FI">fi-FI/fi-FI.mod_kunenalatest.ini</language>
		<language tag="fi-FI">fi-FI/fi-FI.mod_kunenalatest.sys.ini</language>
		<language tag="fr-FR">fr-FR/fr-FR.mod_kunenalatest.ini</language>
		<language tag="fr-FR">fr-FR/fr-FR.mod_kunenalatest.sys.ini</language>
		<language tag="gl_ES">gl_ES/gl_ES.mod_kunenalatest.ini</language>
		<language tag="gl_ES">gl_ES/gl_ES.mod_kunenalatest.sys.ini</language>
		<language tag="he-IL">he-IL/he-IL.mod_kunenalatest.ini</language>
		<language tag="he-IL">he-IL/he-IL.mod_kunenalatest.sys.ini</language>
		<language tag="hi-IN">hi_IN/hi-IN.mod_kunenalatest.ini</language>
		<language tag="hi-IN">hi_IN/hi-IN.mod_kunenalatest.sys.ini</language>
		<language tag="hr-HR">hr_HR/hr-HR.mod_kunenalatest.ini</language>
		<language tag="hr-HR">hr_HR/hr-HR.mod_kunenalatest.sys.ini</language>
		<language tag="hu-HU">hu-HU/hu-HU.mod_kunenalatest.ini</language>
		<language tag="hu-HU">hu-HU/hu-HU.mod_kunenalatest.sys.ini</language>
		<language tag="id-ID">id-ID/id-ID.mod_kunenalatest.ini</language>
		<language tag="id-ID">id-ID/id-ID.mod_kunenalatest.sys.ini</language>
		<language tag="it-IT">it-IT/it-IT.mod_kunenalatest.ini</language>
		<language tag="it-IT">it-IT/it-IT.mod_kunenalatest.sys.ini</language>
		<language tag="ja-JP">ja-JP/ja-JP.mod_kunenalatest.ini</language>
		<language tag="ja-JP">ja-JP/ja-JP.mod_kunenalatest.sys.ini</language>
		<language tag="km-KH">km-KH/km-KH.mod_kunenalatest.ini</language>
		<language tag="km-KH">km-KH/km-KH.mod_kunenalatest.sys.ini</language>
		<language tag="ko-KR">ko-KR/ko-KR.mod_kunenalatest.ini</language>
		<language tag="ko-KR">ko-KR/ko-KR.mod_kunenalatest.sys.ini</language>
		<language tag="kz-KZ">kz-KZ/kz-KZ.mod_kunenalatest.ini</language>
		<language tag="kz-KZ">kz-KZ/kz-KZ.mod_kunenalatest.sys.ini</language>
		<language tag="lt-LT">lt-LT/lt-LT.mod_kunenalatest.ini</language>
		<language tag="lt-LT">lt-LT/lt-LT.mod_kunenalatest.sys.ini</language>
		<language tag="lv-LV">lv-LV/lv-LV.mod_kunenalatest.ini</language>
		<language tag="lv-LV">lv-LV/lv-LV.mod_kunenalatest.sys.ini</language>
		<language tag="mk-MK">mk-MK/mk-MK.mod_kunenalatest.ini</language>
		<language tag="mk-MK">mk-MK/mk-MK.mod_kunenalatest.sys.ini</language>
		<language tag="nb-NO">nb-NO/nb-NO.mod_kunenalatest.ini</language>
		<language tag="nb-NO">nb-NO/nb-NO.mod_kunenalatest.sys.ini</language>
		<language tag="nl-BE">nl-BE/nl-BE.mod_kunenalatest.ini</language>
		<language tag="nl-BE">nl-BE/nl-BE.mod_kunenalatest.sys.ini</language>
		<language tag="nl-NL">nl-NL/nl-NL.mod_kunenalatest.ini</language>
		<language tag="nl-NL">nl-NL/nl-NL.mod_kunenalatest.sys.ini</language>
		<language tag="pl-PL">pl-PL/pl-PL.mod_kunenalatest.ini</language>
		<language tag="pl-PL">pl-PL/pl-PL.mod_kunenalatest.sys.ini</language>
		<language tag="pt-BR">pt-BR/pt-BR.mod_kunenalatest.ini</language>
		<language tag="pt-BR">pt-BR/pt-BR.mod_kunenalatest.sys.ini</language>
		<language tag="pt-PT">pt-PT/pt-PT.mod_kunenalatest.ini</language>
		<language tag="pt-PT">pt-PT/pt-PT.mod_kunenalatest.sys.ini</language>
		<language tag="ro-RO">ro-RO/ro-RO.mod_kunenalatest.ini</language>
		<language tag="ro-RO">ro-RO/ro-RO.mod_kunenalatest.sys.ini</language>
		<language tag="ru-RU">ru-RU/ru-RU.mod_kunenalatest.ini</language>
		<language tag="ru-RU">ru-RU/ru-RU.mod_kunenalatest.sys.ini</language>
		<language tag="sk-SK">sk-SK/sk-SK.mod_kunenalatest.ini</language>
		<language tag="sk-SK">sk-SK/sk-SK.mod_kunenalatest.sys.ini</language>
		<language tag="sl-SI">sl-SI/sl-SI.mod_kunenalatest.ini</language>
		<language tag="sl-SI">sl-SI/sl-SI.mod_kunenalatest.sys.ini</language>
		<language tag="sq-AL">sq-AL/sq-AL.mod_kunenalatest.ini</language>
		<language tag="sq-AL">sq-AL/sq-AL.mod_kunenalatest.sys.ini</language>
		<language tag="sr-RS">sr-RS/sr-RS.mod_kunenalatest.ini</language>
		<language tag="sr-RS">sr-RS/sr-RS.mod_kunenalatest.sys.ini</language>
		<language tag="sr-YU">sr-YU/sr-YU.mod_kunenalatest.ini</language>
		<language tag="sr-YU">sr-YU/sr-YU.mod_kunenalatest.sys.ini</language>
		<language tag="sv-SE">sv-SE/sv-SE.mod_kunenalatest.ini</language>
		<language tag="sv-SE">sv-SE/sv-SE.mod_kunenalatest.sys.ini</language>
		<language tag="th-TH">th-TH/th-TH.mod_kunenalatest.ini</language>
		<language tag="th-TH">th-TH/th-TH.mod_kunenalatest.sys.ini</language>
		<language tag="tr-TR">tr-TR/tr-TR.mod_kunenalatest.ini</language>
		<language tag="tr-TR">tr-TR/tr-TR.mod_kunenalatest.sys.ini</language>
		<language tag="ug-CN">ug-CN/ug-CN.mod_kunenalatest.ini</language>
		<language tag="ug-CN">ug-CN/ug-CN.mod_kunenalatest.sys.ini</language>
		<language tag="uk-UA">uk-UA/uk-UA.mod_kunenalatest.ini</language>
		<language tag="uk-UA">uk-UA/uk-UA.mod_kunenalatest.sys.ini</language>
		<language tag="ur-PK">ur-PK/ur-PK.mod_kunenalatest.ini</language>
		<language tag="ur-PK">ur-PK/ur-PK.mod_kunenalatest.sys.ini</language>
		<language tag="uz-UZ">uz-UZ/uz-UZ.mod_kunenalatest.ini</language>
		<language tag="uz-UZ">uz-UZ/uz-UZ.mod_kunenalatest.sys.ini</language>
		<language tag="vi-VN">vi-VN/vi-VN.mod_kunenalatest.ini</language>
		<language tag="vi-VN">vi-VN/vi-VN.mod_kunenalatest.sys.ini</language>
		<language tag="zh-CN">zh-CN/zh-CN.mod_kunenalatest.ini</language>
		<language tag="zh-CN">zh-CN/zh-CN.mod_kunenalatest.sys.ini</language>
		<language tag="zh-TW">zh-TW/zh-TW.mod_kunenalatest.ini</language>
		<language tag="zh-TW">zh-TW/zh-TW.mod_kunenalatest.sys.ini</language>
	</languages>

	<config>
		<fields name="params"  addfieldpath="/administrator/components/com_kunena/libraries/form/fields">
			<fieldset name="basic">
				<field name="category_id" type="kunenacategorylist" default="0" none="MOD_KUNENALATEST_PARAM_CATEGORYLIST_NONE" description="MOD_KUNENALATEST_PARAM_CATEGORYLIST_NONE_DESC" label="MOD_KUNENALATEST_PARAM_CATEGORYLIST_NONE"  multiple="true" size="5">
					<option value="0">MOD_KUNENALATEST_PARAM_CATEGORYLIST_NONE</option>
				</field>
				<field name="sh_category_id_in" type="radio" default="1" description="MOD_KUNENALATEST_PARAM_CAT_IDS_IN_DESC" label="MOD_KUNENALATEST_PARAM_CAT_IDS_IN">
					<option value="1">MOD_KUNENALATEST_PARAM_SHOW_CATS</option>
					<option value="0">MOD_KUNENALATEST_PARAM_HIDE_CATS</option>
				</field>
				<field name="choosemodel"  type="list" default="latest" label="MOD_KUNENALATEST_PARAM_CHOOSE_MODEL" description="MOD_KUNENALATEST_PARAM_CHOOSE_MODEL_DESC">
					<option value="latesttopics">MOD_KUNENALATEST_SHOW_LATEST_TOPICS</option>
					<option value="latestposts">MOD_KUNENALATEST_SHOW_LATEST_MESSAGES</option>
					<option value="noreplies">MOD_KUNENALATEST_SHOW_NO_REPLIES</option>
					<option value="subscriptions">MOD_KUNENALATEST_SHOW_SUBSCRIPTIONS</option>
					<option value="favorites">MOD_KUNENALATEST_SHOW_FAVORITES</option>
					<option value="owntopics">MOD_KUNENALATEST_SHOW_OWN_TOPICS</option>
					<option value="deleted">MOD_KUNENALATEST_SHOW_DELETE_POSTS</option>
					<option value="saidthankyouposts">MOD_KUNENALATEST_SHOW_SAID_THANKYOU_POSTS</option>
					<option value="gotthankyouposts">MOD_KUNENALATEST_SHOW_GOT_THANKYOU_POSTS</option>
					<option value="userposts">MOD_KUNENALATEST_SHOW_USER_POSTS</option>
				</field>
				<!--<field name="sh_moduleshowtype" type="radio" default="kmodvertical" description="MOD_KUNENALATEST_PARAM_DISPLAYTYPE_DESC" label="MOD_KUNENALATEST_PARAM_DISPLAYTYPE">
					<option value="kmodhorizontal">MOD_KUNENALATEST_PARAM_DISPLAYTYPE_HORIZONTAL</option>
					<option value="kmodvertical">MOD_KUNENALATEST_PARAM_DISPLAYTYPE_VERTICAL</option>
				</field>-->
				<field name="show_list_time" type="list" default="168" description="MOD_KUNENALATEST_PARAM_SHOW_TOPICS_FROM_DESC" label="MOD_KUNENALATEST_PARAM_SHOW_TOPICS_FROM">
					<option value="0">MOD_KUNENALATEST_SHOW_LASTVISIT</option>
					<option value="4">MOD_KUNENALATEST_SHOW_4_HOURS</option>
					<option value="8">MOD_KUNENALATEST_SHOW_8_HOURS</option>
					<option value="12">MOD_KUNENALATEST_SHOW_12_HOURS</option>
					<option value="24">MOD_KUNENALATEST_SHOW_24_HOURS</option>
					<option value="48">MOD_KUNENALATEST_SHOW_48_HOURS</option>
					<option value="168">MOD_KUNENALATEST_SHOW_WEEK</option>
					<option value="720">MOD_KUNENALATEST_SHOW_MONTH</option>
					<option value="8760">MOD_KUNENALATEST_SHOW_YEAR</option>
				</field>
				<field name="nbpost" type="text" default="5" description="MOD_KUNENALATEST_PARAM_NUMBERPOSTS_DESC" label="MOD_KUNENALATEST_PARAM_NUMBERPOSTS" />
				<field name="titlelength" type="text" default="50" description="MOD_KUNENALATEST_PARAM_TITLELENGTH_DESC" label="MOD_KUNENALATEST_PARAM_TITLELENGTH" />

				<field name="messagelength" type="text" default="150" description="MOD_KUNENALATEST_PARAM_MESSAGELENGTH_DESC" label="MOD_KUNENALATEST_PARAM_MESSAGELENGTH" />

				<field name="lengthcontentcharacters" type="text" default="0" description="MOD_KUNENALATEST_PARAM_CONTENT_CHARACTER_LENGHT_DESC" label="MOD_KUNENALATEST_PARAM_CONTENT_CHARACTER_LENGHT" />

				<field name="sh_topiciconoravatar" type="radio" default="0" description="MOD_KUNENALATEST_PARAM_SHOWTOPICICONS_OR_AVATAR_DESC" label="MOD_KUNENALATEST_PARAM_SHOWTOPICICONS_OR_AVATAR">
					<option value="1">MOD_KUNENALATEST_PARAM_VALUE_AVATAR</option>
					<option value="0">MOD_KUNENALATEST_PARAM_VALUE_TOPICICON</option>
					<option value="2">MOD_KUNENALATEST_PARAM_VALUE_NO_AVATAR_NO_TOPICICONS</option>
				</field>
				<field name="avatarwidth" type="text" default="36px" description="MOD_KUNENALATEST_PARAM_AVATAR_WIDTH_DESC" label="MOD_KUNENALATEST_PARAM_AVATAR_WIDTH" />
				<field name="avatarheight" type="text" default="36px" description="MOD_KUNENALATEST_PARAM_AVATAR_HEIGHT_DESC" label="MOD_KUNENALATEST_PARAM_AVATAR_HEIGHT" />

				<field name="sh_category" type="radio" default="1" description="MOD_KUNENALATEST_PARAM_SHOW_CATEGORY_DESC" label="MOD_KUNENALATEST_PARAM_SHOW_CATEGORY">
					<option value="1">MOD_KUNENALATEST_PARAM_VALUE_SHOW</option>
					<option value="0">MOD_KUNENALATEST_PARAM_VALUE_NOT_SHOW</option>
				</field>
				<field name="sh_author" type="radio" default="1" description="MOD_KUNENALATEST_PARAM_SHOW_AUTHOR_DESC" label="MOD_KUNENALATEST_PARAM_SHOW_AUTHOR">
					<option value="1">MOD_KUNENALATEST_PARAM_VALUE_SHOW</option>
					<option value="0">MOD_KUNENALATEST_PARAM_VALUE_NOT_SHOW</option>
				</field>
				<field name="sh_time" type="radio" default="1" description="MOD_KUNENALATEST_PARAM_SHOW_TIME_DESC" label="MOD_KUNENALATEST_PARAM_SHOW_TIME">
					<option value="1">MOD_KUNENALATEST_PARAM_VALUE_SHOW</option>
					<option value="0">MOD_KUNENALATEST_PARAM_VALUE_NOT_SHOW</option>
				</field>
				<field name="sh_firstcontentcharacter" type="radio" default="0" description="MOD_KUNENALATEST_PARAM_SHOW_CONTENT_DESC" label="MOD_KUNENALATEST_PARAM_SHOW_CONTENT">
					<option value="1">MOD_KUNENALATEST_PARAM_VALUE_SHOW</option>
					<option value="0">MOD_KUNENALATEST_PARAM_VALUE_NOT_SHOW</option>
				</field>
				<field name="sh_favorite" type="radio" default="0" description="MOD_KUNENALATEST_PARAM_SHOWFAVORITE_DESC" label="MOD_KUNENALATEST_PARAM_SHOWFAVORITE">
					<option value="1">MOD_KUNENALATEST_PARAM_VALUE_SHOW</option>
					<option value="0">MOD_KUNENALATEST_PARAM_VALUE_NOT_SHOW</option>
				</field>
				<field name="sh_locked" type="radio" default="0" description="MOD_KUNENALATEST_PARAM_SHOWLOCKED_DESC" label="MOD_KUNENALATEST_PARAM_SHOWLOCKED">
					<option value="1">MOD_KUNENALATEST_PARAM_VALUE_SHOW</option>
					<option value="0">MOD_KUNENALATEST_PARAM_VALUE_NOT_SHOW</option>
				</field>
				<field name="sh_postcount" type="radio" default="0" description="MOD_KUNENALATEST_PARAM_SHOWPOSTCOUNT_DESC" label="MOD_KUNENALATEST_PARAM_SHOWPOSTCOUNT">
					<option value="1">MOD_KUNENALATEST_PARAM_VALUE_SHOW</option>
					<option value="0">MOD_KUNENALATEST_PARAM_VALUE_NOT_SHOW</option>
				</field>
				<field name="kunena_load_css" type="radio" default="1" description="MOD_KUNENALATEST_PARAM_LOAD_CSS_DESC" label="MOD_KUNENALATEST_PARAM_LOAD_CSS">
					<option value="1">MOD_KUNENALATEST_PARAM_VALUE_YES</option>
					<option value="0">MOD_KUNENALATEST_PARAM_VALUE_NO</option>
				</field>
				<field name="sh_morelink" type="radio" default="0" description="MOD_KUNENALATEST_PARAM_MORELINK_DESC" label="MOD_KUNENALATEST_PARAM_MORELINK">
					<option value="1">MOD_KUNENALATEST_PARAM_VALUE_YES</option>
					<option value="0">MOD_KUNENALATEST_PARAM_VALUE_NO</option>
				</field>
				<field name="sh_unread" type="radio" default="1" description="MOD_KUNENALATEST_PARAM_UNREAD_DESC"
				       label="MOD_KUNENALATEST_PARAM_UNREAD">
					<option value="1">MOD_KUNENALATEST_PARAM_VALUE_YES</option>
					<option value="0">MOD_KUNENALATEST_PARAM_VALUE_NO</option>
				</field>
				<field name="subjecttitle" type="radio" default="none" description="MOD_KUNENALATEST_PARAM_SUBJECTTITLE_DESC" label="MOD_KUNENALATEST_PARAM_SUBJECTTITLE">
					<option value="none">MOD_KUNENALATEST_PARAM_SUBJECTTITLE_NONE</option>
					<option value="subject_only">MOD_KUNENALATEST_PARAM_SUBJECTTITLE_SUBJECTONLY</option>
					<option value="body">MOD_KUNENALATEST_PARAM_SUBJECTTITLE_CONTENT</option>
				</field>
				<field name="sh_url_link" type="radio" default="null" description="MOD_KUNENALATEST_PARAM_URL_LINK_DESC"
				       label="MOD_KUNENALATEST_PARAM_URL_LINK">
					<option value="null">MOD_KUNENALATEST_PARAM_VALUE_FIRST</option>
					<option value="last">MOD_KUNENALATEST_PARAM_VALUE_LAST</option>
				</field>
			</fieldset>
			<fieldset name="advanced">
				<field
					name="moduleclass_sfx"
					type="text"
					label="COM_MODULES_FIELD_MODULECLASS_SFX_LABEL"
					description="COM_MODULES_FIELD_MODULECLASS_SFX_DESC" />

				<field
					name="owncache"
					type="list"
					default="1"
					label="COM_MODULES_FIELD_CACHING_LABEL"
					description="COM_MODULES_FIELD_CACHING_DESC">
					<option
						value="1">JGLOBAL_USE_GLOBAL</option>
					<option
						value="0">COM_MODULES_FIELD_VALUE_NOCACHING</option>
				</field>

				<field
					name="cache_time"
					type="text"
					default="180"
					label="COM_MODULES_FIELD_CACHE_TIME_LABEL"
					description="COM_MODULES_FIELD_CACHE_TIME_DESC" />
			</fieldset>
		</fields>
	</config>

</extension>
